PassengerId,Survived,Pclass,Sex,Age,SibSp,Parch,Fare,Embarked_Q,Embarked_S
1,0,3,0,Young Adult,1,0,Low,False,True
2,1,1,1,Young Adult,1,0,Medium,False,False
3,1,3,1,Young Adult,0,0,Low,False,True
4,1,1,1,Young Adult,1,0,Low,False,True
5,0,3,0,Young Adult,0,0,Low,False,True
6,0,3,0,Young Adult,0,0,Low,True,False
7,0,1,0,Adult,0,0,Low,False,True
8,0,3,0,Child,3,1,Low,False,True
9,1,3,1,Young Adult,0,2,Low,False,True
10,1,2,1,Child,1,0,Low,False,False
11,1,3,1,Child,1,1,Low,False,True
12,1,1,1,Adult,0,0,Low,False,True
13,0,3,0,Child,0,0,Low,False,True
14,0,3,0,Young Adult,1,5,Low,False,True
15,0,3,1,Child,0,0,Low,False,True
16,1,2,1,Adult,0,0,Low,False,True
17,0,3,0,Child,4,1,Low,True,False
18,1,2,0,Young Adult,0,0,Low,False,True
19,0,3,1,Young Adult,1,0,Low,False,True
20,1,3,1,Young Adult,0,0,Low,False,False
21,0,2,0,Young Adult,0,0,Low,False,True
22,1,2,0,Young Adult,0,0,Low,False,True
23,1,3,1,Child,0,0,Low,True,False
24,1,1,0,Young Adult,0,0,Low,False,True
25,0,3,1,Child,3,1,Low,False,True
26,1,3,1,Young Adult,1,5,Low,False,True
27,0,3,0,Young Adult,0,0,Low,False,False
28,0,1,0,Child,3,2,Very High,False,True
29,1,3,1,Young Adult,0,0,Low,True,False
30,0,3,0,Young Adult,0,0,Low,False,True
31,0,1,0,Young Adult,0,0,Low,False,False
32,1,1,1,Young Adult,1,0,High,False,False
33,1,3,1,Young Adult,0,0,Low,True,False
34,0,2,0,Senior,0,0,Low,False,True
35,0,1,0,Young Adult,1,0,Medium,False,False
36,0,1,0,Adult,1,0,Low,False,True
37,1,3,0,Young Adult,0,0,Low,False,False
38,0,3,0,Young Adult,0,0,Low,False,True
39,0,3,1,Child,2,0,Low,False,True
40,1,3,1,Child,1,0,Low,False,False
41,0,3,1,Young Adult,1,0,Low,False,True
42,0,2,1,Young Adult,1,0,Low,False,True
43,0,3,0,Young Adult,0,0,Low,False,False
44,1,2,1,Child,1,2,Low,False,False
45,1,3,1,Child,0,0,Low,True,False
46,0,3,0,Young Adult,0,0,Low,False,True
47,0,3,0,Young Adult,1,0,Low,True,False
48,1,3,1,Young Adult,0,0,Low,True,False
49,0,3,0,Young Adult,2,0,Low,False,False
50,0,3,1,Child,1,0,Low,False,True
51,0,3,0,Child,4,1,Low,False,True
52,0,3,0,Young Adult,0,0,Low,False,True
53,1,1,1,Adult,1,0,Medium,False,False
54,1,2,1,Young Adult,1,0,Low,False,True
55,0,1,0,Senior,0,1,Low,False,False
56,1,1,0,Young Adult,0,0,Low,False,True
57,1,2,1,Young Adult,0,0,Low,False,True
58,0,3,0,Young Adult,0,0,Low,False,False
59,1,2,1,Child,1,2,Low,False,True
60,0,3,0,Child,5,2,Low,False,True
61,0,3,0,Young Adult,0,0,Low,False,False
62,1,1,1,Young Adult,0,0,Medium,False,True
63,0,1,0,Adult,1,0,Medium,False,True
64,0,3,0,Child,3,2,Low,False,True
65,0,1,0,Young Adult,0,0,Low,False,False
66,1,3,0,Young Adult,1,1,Low,False,False
67,1,2,1,Young Adult,0,0,Low,False,True
68,0,3,0,Child,0,0,Low,False,True
69,1,3,1,Child,4,2,Low,False,True
70,0,3,0,Young Adult,2,0,Low,False,True
71,0,2,0,Young Adult,0,0,Low,False,True
72,0,3,1,Child,5,2,Low,False,True
73,0,2,0,Young Adult,0,0,Medium,False,True
74,0,3,0,Young Adult,1,0,Low,False,False
75,1,3,0,Young Adult,0,0,Low,False,True
76,0,3,0,Young Adult,0,0,Low,False,True
77,0,3,0,Young Adult,0,0,Low,False,True
78,0,3,0,Young Adult,0,0,Low,False,True
79,1,2,0,Child,0,2,Low,False,True
80,1,3,1,Young Adult,0,0,Low,False,True
81,0,3,0,Young Adult,0,0,Low,False,True
82,1,3,0,Young Adult,0,0,Low,False,True
83,1,3,1,Young Adult,0,0,Low,True,False
84,0,1,0,Young Adult,0,0,Low,False,True
85,1,2,1,Child,0,0,Low,False,True
86,1,3,1,Young Adult,3,0,Low,False,True
87,0,3,0,Child,1,3,Low,False,True
88,0,3,0,Young Adult,0,0,Low,False,True
89,1,1,1,Young Adult,3,2,Very High,False,True
90,0,3,0,Young Adult,0,0,Low,False,True
91,0,3,0,Young Adult,0,0,Low,False,True
92,0,3,0,Child,0,0,Low,False,True
93,0,1,0,Adult,1,0,Low,False,True
94,0,3,0,Young Adult,1,2,Low,False,True
95,0,3,0,Adult,0,0,Low,False,True
96,0,3,0,Young Adult,0,0,Low,False,True
97,0,1,0,Senior,0,0,Low,False,False
98,1,1,0,Young Adult,0,1,Low,False,False
99,1,2,1,Young Adult,0,1,Low,False,True
100,0,2,0,Young Adult,1,0,Low,False,True
101,0,3,1,Young Adult,0,0,Low,False,True
102,0,3,0,Young Adult,0,0,Low,False,True
103,0,1,0,Young Adult,0,1,Medium,False,True
104,0,3,0,Young Adult,0,0,Low,False,True
105,0,3,0,Young Adult,2,0,Low,False,True
106,0,3,0,Young Adult,0,0,Low,False,True
107,1,3,1,Young Adult,0,0,Low,False,True
108,1,3,0,Young Adult,0,0,Low,False,True
109,0,3,0,Young Adult,0,0,Low,False,True
110,1,3,1,Young Adult,1,0,Low,True,False
111,0,1,0,Adult,0,0,Low,False,True
112,0,3,1,Child,1,0,Low,False,False
113,0,3,0,Young Adult,0,0,Low,False,True
114,0,3,1,Child,1,0,Low,False,True
115,0,3,1,Child,0,0,Low,False,False
116,0,3,0,Young Adult,0,0,Low,False,True
117,0,3,0,Senior,0,0,Low,True,False
118,0,2,0,Young Adult,1,0,Low,False,True
119,0,1,0,Young Adult,0,1,Very High,False,False
120,0,3,1,Child,4,2,Low,False,True
121,0,2,0,Young Adult,2,0,Medium,False,True
122,0,3,0,Young Adult,0,0,Low,False,True
123,0,2,0,Young Adult,1,0,Low,False,False
124,1,2,1,Young Adult,0,0,Low,False,True
125,0,1,0,Adult,0,1,Medium,False,True
126,1,3,0,Child,1,0,Low,False,False
127,0,3,0,Young Adult,0,0,Low,True,False
128,1,3,0,Young Adult,0,0,Low,False,True
129,1,3,1,Young Adult,1,1,Low,False,False
130,0,3,0,Adult,0,0,Low,False,True
131,0,3,0,Young Adult,0,0,Low,False,False
132,0,3,0,Child,0,0,Low,False,True
133,0,3,1,Adult,1,0,Low,False,True
134,1,2,1,Young Adult,1,0,Low,False,True
135,0,2,0,Young Adult,0,0,Low,False,True
136,0,2,0,Young Adult,0,0,Low,False,False
137,1,1,1,Child,0,2,Low,False,True
138,0,1,0,Young Adult,1,0,Low,False,True
139,0,3,0,Child,0,0,Low,False,True
140,0,1,0,Young Adult,0,0,Medium,False,False
141,0,3,1,Young Adult,0,2,Low,False,False
142,1,3,1,Young Adult,0,0,Low,False,True
143,1,3,1,Young Adult,1,0,Low,False,True
144,0,3,0,Child,0,0,Low,True,False
145,0,2,0,Child,0,0,Low,False,True
146,0,2,0,Child,1,1,Low,False,True
147,1,3,0,Young Adult,0,0,Low,False,True
148,0,3,1,Child,2,2,Low,False,True
149,0,2,0,Young Adult,0,2,Low,False,True
150,0,2,0,Adult,0,0,Low,False,True
151,0,2,0,Adult,0,0,Low,False,True
152,1,1,1,Young Adult,1,0,Medium,False,True
153,0,3,0,Adult,0,0,Low,False,True
154,0,3,0,Adult,0,2,Low,False,True
155,0,3,0,Young Adult,0,0,Low,False,True
156,0,1,0,Adult,0,1,Low,False,False
157,1,3,1,Child,0,0,Low,True,False
158,0,3,0,Young Adult,0,0,Low,False,True
159,0,3,0,Young Adult,0,0,Low,False,True
160,0,3,0,Young Adult,8,2,Medium,False,True
161,0,3,0,Adult,0,1,Low,False,True
162,1,2,1,Young Adult,0,0,Low,False,True
163,0,3,0,Young Adult,0,0,Low,False,True
164,0,3,0,Child,0,0,Low,False,True
165,0,3,0,Child,4,1,Low,False,True
166,1,3,0,Child,0,2,Low,False,True
167,1,1,1,Young Adult,0,1,Low,False,True
168,0,3,1,Adult,1,4,Low,False,True
169,0,1,0,Young Adult,0,0,Low,False,True
170,0,3,0,Young Adult,0,0,Low,False,True
171,0,1,0,Senior,0,0,Low,False,True
172,0,3,0,Child,4,1,Low,True,False
173,1,3,1,Child,1,1,Low,False,True
174,0,3,0,Young Adult,0,0,Low,False,True
175,0,1,0,Adult,0,0,Low,False,False
176,0,3,0,Child,1,1,Low,False,True
177,0,3,0,Young Adult,3,1,Low,False,True
178,0,1,1,Adult,0,0,Low,False,False
179,0,2,0,Young Adult,0,0,Low,False,True
180,0,3,0,Young Adult,0,0,Low,False,True
181,0,3,1,Young Adult,8,2,Medium,False,True
182,0,2,0,Young Adult,0,0,Low,False,False
183,0,3,0,Child,4,2,Low,False,True
184,1,2,0,Child,2,1,Low,False,True
185,1,3,1,Child,0,2,Low,False,True
186,0,1,0,Young Adult,0,0,Low,False,True
187,1,3,1,Young Adult,1,0,Low,True,False
188,1,1,0,Adult,0,0,Low,False,True
189,0,3,0,Young Adult,1,1,Low,True,False
190,0,3,0,Young Adult,0,0,Low,False,True
191,1,2,1,Young Adult,0,0,Low,False,True
192,0,2,0,Child,0,0,Low,False,True
193,1,3,1,Child,1,0,Low,False,True
194,1,2,0,Child,1,1,Low,False,True
195,1,1,1,Adult,0,0,Low,False,False
196,1,1,1,Adult,0,0,High,False,False
197,0,3,0,Young Adult,0,0,Low,True,False
198,0,3,0,Adult,0,1,Low,False,True
199,1,3,1,Young Adult,0,0,Low,True,False
200,0,2,1,Young Adult,0,0,Low,False,True
201,0,3,0,Young Adult,0,0,Low,False,True
202,0,3,0,Young Adult,8,2,Medium,False,True
203,0,3,0,Young Adult,0,0,Low,False,True
204,0,3,0,Adult,0,0,Low,False,False
205,1,3,0,Child,0,0,Low,False,True
206,0,3,1,Child,0,1,Low,False,True
207,0,3,0,Young Adult,1,0,Low,False,True
208,1,3,0,Young Adult,0,0,Low,False,False
209,1,3,1,Child,0,0,Low,True,False
210,1,1,0,Young Adult,0,0,Low,False,False
211,0,3,0,Young Adult,0,0,Low,False,True
212,1,2,1,Young Adult,0,0,Low,False,True
213,0,3,0,Young Adult,0,0,Low,False,True
214,0,2,0,Young Adult,0,0,Low,False,True
215,0,3,0,Young Adult,1,0,Low,True,False
216,1,1,1,Young Adult,1,0,Medium,False,False
217,1,3,1,Young Adult,0,0,Low,False,True
218,0,2,0,Adult,1,0,Low,False,True
219,1,1,1,Young Adult,0,0,Medium,False,False
220,0,2,0,Young Adult,0,0,Low,False,True
221,1,3,0,Child,0,0,Low,False,True
222,0,2,0,Young Adult,0,0,Low,False,True
223,0,3,0,Adult,0,0,Low,False,True
224,0,3,0,Young Adult,0,0,Low,False,True
225,1,1,0,Young Adult,1,0,Medium,False,True
226,0,3,0,Young Adult,0,0,Low,False,True
227,1,2,0,Child,0,0,Low,False,True
228,0,3,0,Young Adult,0,0,Low,False,True
229,0,2,0,Child,0,0,Low,False,True
230,0,3,1,Young Adult,3,1,Low,False,True
231,1,1,1,Young Adult,1,0,Medium,False,True
232,0,3,0,Young Adult,0,0,Low,False,True
233,0,2,0,Adult,0,0,Low,False,True
234,1,3,1,Child,4,2,Low,False,True
235,0,2,0,Young Adult,0,0,Low,False,True
236,0,3,1,Young Adult,0,0,Low,False,True
237,0,2,0,Adult,1,0,Low,False,True
238,1,2,1,Child,0,2,Low,False,True
239,0,2,0,Child,0,0,Low,False,True
240,0,2,0,Young Adult,0,0,Low,False,True
241,0,3,1,Young Adult,1,0,Low,False,False
242,1,3,1,Young Adult,1,0,Low,True,False
243,0,2,0,Young Adult,0,0,Low,False,True
244,0,3,0,Young Adult,0,0,Low,False,True
245,0,3,0,Young Adult,0,0,Low,False,False
246,0,1,0,Adult,2,0,Medium,True,False
247,0,3,1,Young Adult,0,0,Low,False,True
248,1,2,1,Young Adult,0,2,Low,False,True
249,1,1,0,Young Adult,1,1,Low,False,True
250,0,2,0,Adult,1,0,Low,False,True
251,0,3,0,Young Adult,0,0,Low,False,True
252,0,3,1,Young Adult,1,1,Low,False,True
253,0,1,0,Senior,0,0,Low,False,True
254,0,3,0,Young Adult,1,0,Low,False,True
255,0,3,1,Adult,0,2,Low,False,True
256,1,3,1,Young Adult,0,2,Low,False,False
257,1,1,1,Young Adult,0,0,Medium,False,False
258,1,1,1,Young Adult,0,0,Medium,False,True
260,1,2,1,Adult,0,1,Low,False,True
261,0,3,0,Young Adult,0,0,Low,True,False
262,1,3,0,Child,4,2,Low,False,True
263,0,1,0,Adult,1,1,Medium,False,True
264,0,1,0,Young Adult,0,0,Low,False,True
265,0,3,1,Young Adult,0,0,Low,True,False
266,0,2,0,Young Adult,0,0,Low,False,True
267,0,3,0,Child,4,1,Low,False,True
268,1,3,0,Young Adult,1,0,Low,False,True
269,1,1,1,Adult,0,1,High,False,True
270,1,1,1,Young Adult,0,0,High,False,True
271,0,1,0,Young Adult,0,0,Low,False,True
272,1,3,0,Young Adult,0,0,Low,False,True
273,1,2,1,Adult,0,1,Low,False,True
274,0,1,0,Young Adult,0,1,Low,False,False
275,1,3,1,Young Adult,0,0,Low,True,False
276,1,1,1,Senior,1,0,Medium,False,True
277,0,3,1,Adult,0,0,Low,False,True
278,0,2,0,Young Adult,0,0,Low,False,True
279,0,3,0,Child,4,1,Low,True,False
280,1,3,1,Young Adult,1,1,Low,False,True
281,0,3,0,Senior,0,0,Low,True,False
282,0,3,0,Young Adult,0,0,Low,False,True
283,0,3,0,Child,0,0,Low,False,True
284,1,3,0,Child,0,0,Low,False,True
285,0,1,0,Young Adult,0,0,Low,False,True
286,0,3,0,Young Adult,0,0,Low,False,False
287,1,3,0,Young Adult,0,0,Low,False,True
288,0,3,0,Young Adult,0,0,Low,False,True
289,1,2,0,Adult,0,0,Low,False,True
290,1,3,1,Young Adult,0,0,Low,True,False
291,1,1,1,Young Adult,0,0,Medium,False,True
292,1,1,1,Child,1,0,Medium,False,False
293,0,2,0,Young Adult,0,0,Low,False,False
294,0,3,1,Young Adult,0,0,Low,False,True
295,0,3,0,Young Adult,0,0,Low,False,True
296,0,1,0,Young Adult,0,0,Low,False,False
297,0,3,0,Young Adult,0,0,Low,False,False
298,0,1,1,Child,1,2,High,False,True
299,1,1,0,Young Adult,0,0,Low,False,True
300,1,1,1,Adult,0,1,Very High,False,False
301,1,3,1,Young Adult,0,0,Low,True,False
302,1,3,0,Young Adult,2,0,Low,True,False
303,0,3,0,Child,0,0,Low,False,True
304,1,2,1,Young Adult,0,0,Low,True,False
305,0,3,0,Young Adult,0,0,Low,False,True
306,1,1,0,Child,1,2,High,False,True
307,1,1,1,Young Adult,0,0,Medium,False,False
308,1,1,1,Child,1,0,Medium,False,False
309,0,2,0,Young Adult,1,0,Low,False,False
310,1,1,1,Young Adult,0,0,Low,False,False
311,1,1,1,Young Adult,0,0,Medium,False,False
312,1,1,1,Child,2,2,Very High,False,False
313,0,2,1,Young Adult,1,1,Low,False,True
314,0,3,0,Young Adult,0,0,Low,False,True
315,0,2,0,Adult,1,1,Low,False,True
316,1,3,1,Young Adult,0,0,Low,False,True
317,1,2,1,Young Adult,1,0,Low,False,True
318,0,2,0,Adult,0,0,Low,False,True
319,1,1,1,Young Adult,0,2,High,False,True
320,1,1,1,Young Adult,1,1,High,False,False
321,0,3,0,Young Adult,0,0,Low,False,True
322,0,3,0,Young Adult,0,0,Low,False,True
323,1,2,1,Young Adult,0,0,Low,True,False
324,1,2,1,Young Adult,1,1,Low,False,True
325,0,3,0,Young Adult,8,2,Medium,False,True
326,1,1,1,Young Adult,0,0,High,False,False
327,0,3,0,Senior,0,0,Low,False,True
328,1,2,1,Young Adult,0,0,Low,False,True
329,1,3,1,Young Adult,1,1,Low,False,True
330,1,1,1,Child,0,1,Low,False,False
331,1,3,1,Young Adult,2,0,Low,True,False
332,0,1,0,Adult,0,0,Low,False,True
333,0,1,0,Young Adult,0,1,High,False,True
334,0,3,0,Child,2,0,Low,False,True
335,1,1,1,Young Adult,1,0,High,False,True
336,0,3,0,Young Adult,0,0,Low,False,True
337,0,1,0,Young Adult,1,0,Medium,False,True
338,1,1,1,Adult,0,0,High,False,False
339,1,3,0,Adult,0,0,Low,False,True
340,0,1,0,Adult,0,0,Low,False,True
341,1,2,0,Child,1,1,Low,False,True
342,1,1,1,Young Adult,3,2,Very High,False,True
343,0,2,0,Young Adult,0,0,Low,False,True
344,0,2,0,Young Adult,0,0,Low,False,True
345,0,2,0,Young Adult,0,0,Low,False,True
346,1,2,1,Young Adult,0,0,Low,False,True
347,1,2,1,Young Adult,0,0,Low,False,True
348,1,3,1,Young Adult,1,0,Low,False,True
349,1,3,0,Child,1,1,Low,False,True
350,0,3,0,Adult,0,0,Low,False,True
351,0,3,0,Young Adult,0,0,Low,False,True
352,0,1,0,Young Adult,0,0,Low,False,True
353,0,3,0,Child,1,1,Low,False,False
354,0,3,0,Young Adult,1,0,Low,False,True
355,0,3,0,Young Adult,0,0,Low,False,False
356,0,3,0,Young Adult,0,0,Low,False,True
357,1,1,1,Young Adult,0,1,Low,False,True
358,0,2,1,Young Adult,0,0,Low,False,True
359,1,3,1,Young Adult,0,0,Low,True,False
360,1,3,1,Young Adult,0,0,Low,True,False
361,0,3,0,Young Adult,1,4,Low,False,True
362,0,2,0,Young Adult,1,0,Low,False,False
363,0,3,1,Adult,0,1,Low,False,False
364,0,3,0,Young Adult,0,0,Low,False,True
365,0,3,0,Young Adult,1,0,Low,True,False
366,0,3,0,Young Adult,0,0,Low,False,True
367,1,1,1,Adult,1,0,Medium,False,False
368,1,3,1,Young Adult,0,0,Low,False,False
369,1,3,1,Young Adult,0,0,Low,True,False
370,1,1,1,Young Adult,0,0,Medium,False,False
371,1,1,0,Young Adult,1,0,Low,False,False
372,0,3,0,Child,1,0,Low,False,True
373,0,3,0,Child,0,0,Low,False,True
374,0,1,0,Young Adult,0,0,High,False,False
375,0,3,1,Child,3,1,Low,False,True
376,1,1,1,Young Adult,1,0,Medium,False,False
377,1,3,1,Young Adult,0,0,Low,False,True
378,0,1,0,Young Adult,0,2,Very High,False,False
379,0,3,0,Child,0,0,Low,False,False
380,0,3,0,Child,0,0,Low,False,True
381,1,1,1,Adult,0,0,Very High,False,False
382,1,3,1,Child,0,2,Low,False,False
383,0,3,0,Young Adult,0,0,Low,False,True
384,1,1,1,Young Adult,1,0,Low,False,True
385,0,3,0,Young Adult,0,0,Low,False,True
386,0,2,0,Child,0,0,Medium,False,True
387,0,3,0,Child,5,2,Low,False,True
388,1,2,1,Young Adult,0,0,Low,False,True
389,0,3,0,Young Adult,0,0,Low,True,False
390,1,2,1,Child,0,0,Low,False,False
391,1,1,0,Young Adult,1,2,Medium,False,True
392,1,3,0,Young Adult,0,0,Low,False,True
393,0,3,0,Young Adult,2,0,Low,False,True
394,1,1,1,Young Adult,1,0,Medium,False,False
395,1,3,1,Young Adult,0,2,Low,False,True
396,0,3,0,Young Adult,0,0,Low,False,True
397,0,3,1,Young Adult,0,0,Low,False,True
398,0,2,0,Adult,0,0,Low,False,True
399,0,2,0,Young Adult,0,0,Low,False,True
400,1,2,1,Young Adult,0,0,Low,False,True
401,1,3,0,Young Adult,0,0,Low,False,True
402,0,3,0,Young Adult,0,0,Low,False,True
403,0,3,1,Young Adult,1,0,Low,False,True
404,0,3,0,Young Adult,1,0,Low,False,True
405,0,3,1,Child,0,0,Low,False,True
406,0,2,0,Young Adult,1,0,Low,False,True
407,0,3,0,Adult,0,0,Low,False,True
408,1,2,0,Child,1,1,Low,False,True
409,0,3,0,Young Adult,0,0,Low,False,True
410,0,3,1,Young Adult,3,1,Low,False,True
411,0,3,0,Young Adult,0,0,Low,False,True
412,0,3,0,Young Adult,0,0,Low,True,False
413,1,1,1,Young Adult,1,0,Medium,True,False
414,0,2,0,Young Adult,0,0,Low,False,True
415,1,3,0,Adult,0,0,Low,False,True
416,0,3,1,Young Adult,0,0,Low,False,True
417,1,2,1,Young Adult,1,1,Low,False,True
418,1,2,1,Child,0,2,Low,False,True
419,0,2,0,Young Adult,0,0,Low,False,True
420,0,3,1,Child,0,2,Low,False,True
421,0,3,0,Young Adult,0,0,Low,False,False
422,0,3,0,Young Adult,0,0,Low,True,False
423,0,3,0,Young Adult,0,0,Low,False,True
424,0,3,1,Young Adult,1,1,Low,False,True
425,0,3,0,Child,1,1,Low,False,True
426,0,3,0,Young Adult,0,0,Low,False,True
427,1,2,1,Young Adult,1,0,Low,False,True
428,1,2,1,Child,0,0,Low,False,True
429,0,3,0,Young Adult,0,0,Low,True,False
430,1,3,0,Young Adult,0,0,Low,False,True
431,1,1,0,Young Adult,0,0,Low,False,True
432,1,3,1,Young Adult,1,0,Low,False,True
433,1,2,1,Adult,1,0,Low,False,True
434,0,3,0,Child,0,0,Low,False,True
435,0,1,0,Adult,1,0,Low,False,True
436,1,1,1,Child,1,2,Medium,False,True
437,0,3,1,Young Adult,2,2,Low,False,True
438,1,2,1,Young Adult,2,3,Low,False,True
439,0,1,0,Senior,1,4,Very High,False,True
440,0,2,0,Young Adult,0,0,Low,False,True
441,1,2,1,Adult,1,1,Low,False,True
442,0,3,0,Child,0,0,Low,False,True
443,0,3,0,Young Adult,1,0,Low,False,True
444,1,2,1,Young Adult,0,0,Low,False,True
445,1,3,0,Young Adult,0,0,Low,False,True
446,1,1,0,Child,0,2,Medium,False,True
447,1,2,1,Child,0,1,Low,False,True
448,1,1,0,Young Adult,0,0,Low,False,True
449,1,3,1,Child,2,1,Low,False,False
450,1,1,0,Adult,0,0,Low,False,True
451,0,2,0,Young Adult,1,2,Low,False,True
452,0,3,0,Young Adult,1,0,Low,False,True
453,0,1,0,Young Adult,0,0,Low,False,False
454,1,1,0,Adult,1,0,Medium,False,False
455,0,3,0,Young Adult,0,0,Low,False,True
456,1,3,0,Young Adult,0,0,Low,False,False
457,0,1,0,Senior,0,0,Low,False,True
458,1,1,1,Young Adult,1,0,Low,False,True
459,1,2,1,Adult,0,0,Low,False,True
460,0,3,0,Young Adult,0,0,Low,True,False
461,1,1,0,Adult,0,0,Low,False,True
462,0,3,0,Young Adult,0,0,Low,False,True
463,0,1,0,Adult,0,0,Low,False,True
464,0,2,0,Adult,0,0,Low,False,True
465,0,3,0,Young Adult,0,0,Low,False,True
466,0,3,0,Young Adult,0,0,Low,False,True
467,0,2,0,Young Adult,0,0,Low,False,True
468,0,1,0,Adult,0,0,Low,False,True
469,0,3,0,Young Adult,0,0,Low,True,False
470,1,3,1,Child,2,1,Low,False,False
471,0,3,0,Young Adult,0,0,Low,False,True
472,0,3,0,Young Adult,0,0,Low,False,True
473,1,2,1,Young Adult,1,2,Low,False,True
474,1,2,1,Young Adult,0,0,Low,False,False
475,0,3,1,Young Adult,0,0,Low,False,True
476,0,1,0,Young Adult,0,0,Low,False,True
477,0,2,0,Young Adult,1,0,Low,False,True
478,0,3,0,Young Adult,1,0,Low,False,True
479,0,3,0,Young Adult,0,0,Low,False,True
480,1,3,1,Child,0,1,Low,False,True
481,0,3,0,Child,5,2,Low,False,True
482,0,2,0,Young Adult,0,0,Low,False,True
483,0,3,0,Adult,0,0,Low,False,True
484,1,3,1,Senior,0,0,Low,False,True
485,1,1,0,Young Adult,1,0,Medium,False,False
486,0,3,1,Young Adult,3,1,Low,False,True
487,1,1,1,Young Adult,1,0,Medium,False,True
488,0,1,0,Adult,0,0,Low,False,False
489,0,3,0,Young Adult,0,0,Low,False,True
490,1,3,0,Child,1,1,Low,False,True
491,0,3,0,Young Adult,1,0,Low,False,True
492,0,3,0,Young Adult,0,0,Low,False,True
493,0,1,0,Adult,0,0,Low,False,True
494,0,1,0,Senior,0,0,Low,False,False
495,0,3,0,Young Adult,0,0,Low,False,True
496,0,3,0,Young Adult,0,0,Low,False,False
497,1,1,1,Adult,1,0,Medium,False,False
498,0,3,0,Young Adult,0,0,Low,False,True
499,0,1,1,Young Adult,1,2,High,False,True
500,0,3,0,Young Adult,0,0,Low,False,True
501,0,3,0,Child,0,0,Low,False,True
502,0,3,1,Young Adult,0,0,Low,True,False
503,0,3,1,Young Adult,0,0,Low,True,False
504,0,3,1,Young Adult,0,0,Low,False,True
505,1,1,1,Child,0,0,Medium,False,True
506,0,1,0,Child,1,0,Medium,False,False
507,1,2,1,Young Adult,0,2,Low,False,True
508,1,1,0,Young Adult,0,0,Low,False,True
509,0,3,0,Young Adult,0,0,Low,False,True
510,1,3,0,Young Adult,0,0,Low,False,True
511,1,3,0,Young Adult,0,0,Low,True,False
512,0,3,0,Young Adult,0,0,Low,False,True
513,1,1,0,Young Adult,0,0,Low,False,True
514,1,1,1,Adult,1,0,Low,False,False
515,0,3,0,Young Adult,0,0,Low,False,True
516,0,1,0,Adult,0,0,Low,False,True
517,1,2,1,Young Adult,0,0,Low,False,True
518,0,3,0,Young Adult,0,0,Low,True,False
519,1,2,1,Young Adult,1,0,Low,False,True
520,0,3,0,Young Adult,0,0,Low,False,True
521,1,1,1,Young Adult,0,0,Medium,False,True
522,0,3,0,Young Adult,0,0,Low,False,True
523,0,3,0,Young Adult,0,0,Low,False,False
524,1,1,1,Adult,0,1,Low,False,False
525,0,3,0,Young Adult,0,0,Low,False,False
526,0,3,0,Adult,0,0,Low,True,False
527,1,2,1,Adult,0,0,Low,False,True
528,0,1,0,Young Adult,0,0,Very High,False,True
529,0,3,0,Young Adult,0,0,Low,False,True
530,0,2,0,Young Adult,2,1,Low,False,True
531,1,2,1,Child,1,1,Low,False,True
532,0,3,0,Young Adult,0,0,Low,False,False
533,0,3,0,Child,1,1,Low,False,False
534,1,3,1,Young Adult,0,2,Low,False,False
535,0,3,1,Young Adult,0,0,Low,False,True
536,1,2,1,Child,0,2,Low,False,True
537,0,1,0,Adult,0,0,Low,False,True
538,1,1,1,Young Adult,0,0,Medium,False,False
539,0,3,0,Young Adult,0,0,Low,False,True
540,1,1,1,Young Adult,0,2,Low,False,False
541,1,1,1,Young Adult,0,2,Medium,False,True
542,0,3,1,Child,4,2,Low,False,True
543,0,3,1,Child,4,2,Low,False,True
544,1,2,0,Young Adult,1,0,Low,False,True
545,0,1,0,Adult,1,0,Medium,False,False
546,0,1,0,Senior,0,0,Low,False,True
547,1,2,1,Child,1,0,Low,False,True
548,1,2,0,Young Adult,0,0,Low,False,False
549,0,3,0,Young Adult,1,1,Low,False,True
550,1,2,0,Child,1,1,Low,False,True
551,1,1,0,Child,0,2,Medium,False,False
552,0,2,0,Young Adult,0,0,Low,False,True
553,0,3,0,Young Adult,0,0,Low,True,False
554,1,3,0,Young Adult,0,0,Low,False,False
555,1,3,1,Young Adult,0,0,Low,False,True
556,0,1,0,Senior,0,0,Low,False,True
557,1,1,1,Adult,1,0,Low,False,False
558,0,1,0,Young Adult,0,0,Very High,False,False
559,1,1,1,Young Adult,1,1,Medium,False,True
560,1,3,1,Young Adult,1,0,Low,False,True
561,0,3,0,Young Adult,0,0,Low,True,False
562,0,3,0,Young Adult,0,0,Low,False,True
563,0,2,0,Young Adult,0,0,Low,False,True
564,0,3,0,Young Adult,0,0,Low,False,True
565,0,3,1,Young Adult,0,0,Low,False,True
566,0,3,0,Young Adult,2,0,Low,False,True
567,0,3,0,Child,0,0,Low,False,True
568,0,3,1,Young Adult,0,4,Low,False,True
569,0,3,0,Young Adult,0,0,Low,False,False
570,1,3,0,Young Adult,0,0,Low,False,True
571,1,2,0,Senior,0,0,Low,False,True
572,1,1,1,Adult,2,0,Low,False,True
573,1,1,0,Young Adult,0,0,Low,False,True
574,1,3,1,Young Adult,0,0,Low,True,False
575,0,3,0,Child,0,0,Low,False,True
576,0,3,0,Child,0,0,Low,False,True
577,1,2,1,Young Adult,0,0,Low,False,True
578,1,1,1,Young Adult,1,0,Low,False,True
579,0,3,1,Young Adult,1,0,Low,False,False
580,1,3,0,Young Adult,0,0,Low,False,True
581,1,2,1,Young Adult,1,1,Low,False,True
582,1,1,1,Young Adult,1,1,Medium,False,False
583,0,2,0,Adult,0,0,Low,False,True
584,0,1,0,Young Adult,0,0,Low,False,False
585,0,3,0,Young Adult,0,0,Low,False,False
586,1,1,1,Child,0,2,Medium,False,True
587,0,2,0,Adult,0,0,Low,False,True
588,1,1,0,Adult,1,1,Medium,False,False
589,0,3,0,Young Adult,0,0,Low,False,True
590,0,3,0,Young Adult,0,0,Low,False,True
591,0,3,0,Young Adult,0,0,Low,False,True
592,1,1,1,Adult,1,0,Medium,False,False
593,0,3,0,Adult,0,0,Low,False,True
594,0,3,1,Young Adult,0,2,Low,True,False
595,0,2,0,Young Adult,1,0,Low,False,True
596,0,3,0,Young Adult,1,1,Low,False,True
597,1,2,1,Young Adult,0,0,Low,False,True
598,0,3,0,Adult,0,0,Low,False,True
599,0,3,0,Young Adult,0,0,Low,False,False
600,1,1,0,Adult,1,0,Low,False,False
601,1,2,1,Young Adult,2,1,Low,False,True
602,0,3,0,Young Adult,0,0,Low,False,True
603,0,1,0,Young Adult,0,0,Low,False,True
604,0,3,0,Adult,0,0,Low,False,True
605,1,1,0,Young Adult,0,0,Low,False,False
606,0,3,0,Young Adult,1,0,Low,False,True
607,0,3,0,Young Adult,0,0,Low,False,True
608,1,1,0,Young Adult,0,0,Low,False,True
609,1,2,1,Young Adult,1,2,Low,False,False
610,1,1,1,Young Adult,0,0,High,False,True
611,0,3,1,Young Adult,1,5,Low,False,True
612,0,3,0,Young Adult,0,0,Low,False,True
613,1,3,1,Young Adult,1,0,Low,True,False
614,0,3,0,Young Adult,0,0,Low,True,False
615,0,3,0,Young Adult,0,0,Low,False,True
616,1,2,1,Young Adult,1,2,Low,False,True
617,0,3,0,Young Adult,1,1,Low,False,True
618,0,3,1,Young Adult,1,0,Low,False,True
619,1,2,1,Child,2,1,Low,False,True
620,0,2,0,Young Adult,0,0,Low,False,True
621,0,3,0,Young Adult,1,0,Low,False,False
622,1,1,0,Adult,1,0,Low,False,True
623,1,3,0,Child,1,1,Low,False,False
624,0,3,0,Young Adult,0,0,Low,False,True
625,0,3,0,Young Adult,0,0,Low,False,True
626,0,1,0,Senior,0,0,Low,False,True
627,0,2,0,Adult,0,0,Low,True,False
628,1,1,1,Young Adult,0,0,Medium,False,True
629,0,3,0,Young Adult,0,0,Low,False,True
630,0,3,0,Young Adult,0,0,Low,True,False
631,1,1,0,Senior,0,0,Low,False,True
632,0,3,0,Adult,0,0,Low,False,True
633,1,1,0,Young Adult,0,0,Low,False,False
634,0,1,0,Young Adult,0,0,Low,False,True
635,0,3,1,Child,3,2,Low,False,True
636,1,2,1,Young Adult,0,0,Low,False,True
637,0,3,0,Young Adult,0,0,Low,False,True
638,0,2,0,Young Adult,1,1,Low,False,True
639,0,3,1,Adult,0,5,Low,False,True
640,0,3,0,Young Adult,1,0,Low,False,True
641,0,3,0,Child,0,0,Low,False,True
642,1,1,1,Young Adult,0,0,Medium,False,False
643,0,3,1,Child,3,2,Low,False,True
644,1,3,0,Young Adult,0,0,Low,False,True
645,1,3,1,Child,2,1,Low,False,False
646,1,1,0,Adult,1,0,Medium,False,False
647,0,3,0,Child,0,0,Low,False,True
648,1,1,0,Adult,0,0,Low,False,False
649,0,3,0,Young Adult,0,0,Low,False,True
650,1,3,1,Young Adult,0,0,Low,False,True
651,0,3,0,Young Adult,0,0,Low,False,True
652,1,2,1,Child,0,1,Low,False,True
653,0,3,0,Young Adult,0,0,Low,False,True
654,1,3,1,Young Adult,0,0,Low,True,False
655,0,3,1,Child,0,0,Low,True,False
656,0,2,0,Young Adult,2,0,Medium,False,True
657,0,3,0,Young Adult,0,0,Low,False,True
658,0,3,1,Young Adult,1,1,Low,True,False
659,0,2,0,Young Adult,0,0,Low,False,True
660,0,1,0,Adult,0,2,Medium,False,False
661,1,1,0,Adult,2,0,High,False,True
662,0,3,0,Young Adult,0,0,Low,False,False
663,0,1,0,Adult,0,0,Low,False,True
664,0,3,0,Young Adult,0,0,Low,False,True
665,1,3,0,Child,1,0,Low,False,True
666,0,2,0,Young Adult,2,0,Medium,False,True
667,0,2,0,Young Adult,0,0,Low,False,True
668,0,3,0,Young Adult,0,0,Low,False,True
669,0,3,0,Adult,0,0,Low,False,True
670,1,1,1,Young Adult,1,0,Low,False,True
671,1,2,1,Young Adult,1,1,Low,False,True
672,0,1,0,Young Adult,1,0,Low,False,True
673,0,2,0,Senior,0,0,Low,False,True
674,1,2,0,Young Adult,0,0,Low,False,True
675,0,2,0,Young Adult,0,0,Low,False,True
676,0,3,0,Child,0,0,Low,False,True
677,0,3,0,Young Adult,0,0,Low,False,True
678,1,3,1,Child,0,0,Low,False,True
679,0,3,1,Adult,1,6,Low,False,True
681,0,3,1,Young Adult,0,0,Low,True,False
682,1,1,0,Young Adult,0,0,Medium,False,False
683,0,3,0,Child,0,0,Low,False,True
684,0,3,0,Child,5,2,Low,False,True
685,0,2,0,Adult,1,1,Low,False,True
686,0,2,0,Young Adult,1,2,Low,False,False
687,0,3,0,Child,4,1,Low,False,True
688,0,3,0,Child,0,0,Low,False,True
689,0,3,0,Child,0,0,Low,False,True
690,1,1,1,Child,0,1,Very High,False,True
691,1,1,0,Young Adult,1,0,Low,False,True
692,1,3,1,Child,0,1,Low,False,False
693,1,3,0,Young Adult,0,0,Low,False,True
694,0,3,0,Young Adult,0,0,Low,False,False
695,0,1,0,Adult,0,0,Low,False,True
696,0,2,0,Adult,0,0,Low,False,True
697,0,3,0,Adult,0,0,Low,False,True
698,1,3,1,Young Adult,0,0,Low,True,False
699,0,1,0,Adult,1,1,Medium,False,False
700,0,3,0,Adult,0,0,Low,False,True
701,1,1,1,Child,1,0,Very High,False,False
702,1,1,0,Young Adult,0,0,Low,False,True
703,0,3,1,Child,0,1,Low,False,False
704,0,3,0,Young Adult,0,0,Low,True,False
705,0,3,0,Young Adult,1,0,Low,False,True
706,0,2,0,Young Adult,0,0,Low,False,True
707,1,2,1,Adult,0,0,Low,False,True
708,1,1,0,Adult,0,0,Low,False,True
709,1,1,1,Young Adult,0,0,High,False,True
710,1,3,0,Young Adult,1,1,Low,False,False
711,1,1,1,Young Adult,0,0,Low,False,False
712,0,1,0,Young Adult,0,0,Low,False,True
713,1,1,0,Adult,1,0,Low,False,True
714,0,3,0,Young Adult,0,0,Low,False,True
715,0,2,0,Adult,0,0,Low,False,True
716,0,3,0,Child,0,0,Low,False,True
717,1,1,1,Young Adult,0,0,Very High,False,False
718,1,2,1,Young Adult,0,0,Low,False,True
719,0,3,0,Young Adult,0,0,Low,True,False
720,0,3,0,Young Adult,0,0,Low,False,True
721,1,2,1,Child,0,1,Low,False,True
722,0,3,0,Child,1,0,Low,False,True
723,0,2,0,Young Adult,0,0,Low,False,True
724,0,2,0,Adult,0,0,Low,False,True
725,1,1,0,Young Adult,1,0,Low,False,True
726,0,3,0,Child,0,0,Low,False,True
727,1,2,1,Young Adult,3,0,Low,False,True
728,1,3,1,Young Adult,0,0,Low,True,False
729,0,2,0,Young Adult,1,0,Low,False,True
730,0,3,1,Young Adult,1,0,Low,False,True
731,1,1,1,Young Adult,0,0,Very High,False,True
732,0,3,0,Child,0,0,Low,False,False
733,0,2,0,Young Adult,0,0,Low,False,True
734,0,2,0,Young Adult,0,0,Low,False,True
735,0,2,0,Young Adult,0,0,Low,False,True
736,0,3,0,Young Adult,0,0,Low,False,True
737,0,3,1,Adult,1,3,Low,False,True
739,0,3,0,Young Adult,0,0,Low,False,True
740,0,3,0,Young Adult,0,0,Low,False,True
741,1,1,0,Young Adult,0,0,Low,False,True
742,0,1,0,Young Adult,1,0,Medium,False,True
743,1,1,1,Young Adult,2,2,Very High,False,False
744,0,3,0,Young Adult,1,0,Low,False,True
745,1,3,0,Young Adult,0,0,Low,False,True
746,0,1,0,Senior,1,1,Medium,False,True
747,0,3,0,Child,1,1,Low,False,True
748,1,2,1,Young Adult,0,0,Low,False,True
749,0,1,0,Child,1,0,Low,False,True
750,0,3,0,Young Adult,0,0,Low,True,False
751,1,2,1,Child,1,1,Low,False,True
752,1,3,0,Child,0,1,Low,False,True
753,0,3,0,Young Adult,0,0,Low,False,True
754,0,3,0,Young Adult,0,0,Low,False,True
755,1,2,1,Adult,1,2,Low,False,True
756,1,2,0,Child,1,1,Low,False,True
757,0,3,0,Young Adult,0,0,Low,False,True
758,0,2,0,Child,0,0,Low,False,True
759,0,3,0,Young Adult,0,0,Low,False,True
760,1,1,1,Young Adult,0,0,Medium,False,True
761,0,3,0,Young Adult,0,0,Low,False,True
762,0,3,0,Adult,0,0,Low,False,True
763,1,3,0,Child,0,0,Low,False,False
764,1,1,1,Young Adult,1,2,Medium,False,True
765,0,3,0,Child,0,0,Low,False,True
766,1,1,1,Adult,1,0,Medium,False,True
767,0,1,0,Young Adult,0,0,Low,False,False
768,0,3,1,Young Adult,0,0,Low,True,False
769,0,3,0,Young Adult,1,0,Low,True,False
770,0,3,0,Young Adult,0,0,Low,False,True
771,0,3,0,Young Adult,0,0,Low,False,True
772,0,3,0,Adult,0,0,Low,False,True
773,0,2,1,Adult,0,0,Low,False,True
774,0,3,0,Young Adult,0,0,Low,False,False
775,1,2,1,Adult,1,3,Low,False,True
776,0,3,0,Child,0,0,Low,False,True
777,0,3,0,Young Adult,0,0,Low,True,False
778,1,3,1,Child,0,0,Low,False,True
779,0,3,0,Young Adult,0,0,Low,True,False
780,1,1,1,Adult,0,1,Very High,False,True
781,1,3,1,Child,0,0,Low,False,False
782,1,1,1,Child,1,0,Low,False,True
783,0,1,0,Young Adult,0,0,Low,False,True
784,0,3,0,Young Adult,1,2,Low,False,True
785,0,3,0,Young Adult,0,0,Low,False,True
786,0,3,0,Young Adult,0,0,Low,False,True
787,1,3,1,Child,0,0,Low,False,True
788,0,3,0,Child,4,1,Low,True,False
789,1,3,0,Child,1,2,Low,False,True
790,0,1,0,Adult,0,0,Medium,False,False
791,0,3,0,Young Adult,0,0,Low,True,False
792,0,2,0,Child,0,0,Low,False,True
793,0,3,1,Young Adult,8,2,Medium,False,True
794,0,1,0,Young Adult,0,0,Low,False,False
795,0,3,0,Young Adult,0,0,Low,False,True
796,0,2,0,Young Adult,0,0,Low,False,True
797,1,1,1,Adult,0,0,Low,False,True
798,1,3,1,Young Adult,0,0,Low,False,True
799,0,3,0,Young Adult,0,0,Low,False,False
800,0,3,1,Young Adult,1,1,Low,False,True
801,0,2,0,Young Adult,0,0,Low,False,True
802,1,2,1,Young Adult,1,1,Low,False,True
803,1,1,0,Child,1,2,Medium,False,True
804,1,3,0,Child,0,1,Low,False,False
805,1,3,0,Young Adult,0,0,Low,False,True
806,0,3,0,Young Adult,0,0,Low,False,True
807,0,1,0,Young Adult,0,0,Low,False,True
808,0,3,1,Child,0,0,Low,False,True
809,0,2,0,Young Adult,0,0,Low,False,True
810,1,1,1,Young Adult,1,0,Low,False,True
811,0,3,0,Young Adult,0,0,Low,False,True
812,0,3,0,Young Adult,0,0,Low,False,True
813,0,2,0,Young Adult,0,0,Low,False,True
814,0,3,1,Child,4,2,Low,False,True
815,0,3,0,Young Adult,0,0,Low,False,True
816,0,1,0,Young Adult,0,0,Low,False,True
817,0,3,1,Young Adult,0,0,Low,False,True
818,0,2,0,Young Adult,1,1,Low,False,False
819,0,3,0,Adult,0,0,Low,False,True
820,0,3,0,Child,3,2,Low,False,True
821,1,1,1,Adult,1,1,Medium,False,True
822,1,3,0,Young Adult,0,0,Low,False,True
823,0,1,0,Young Adult,0,0,Low,False,True
824,1,3,1,Young Adult,0,1,Low,False,True
825,0,3,0,Child,4,1,Low,False,True
826,0,3,0,Young Adult,0,0,Low,True,False
827,0,3,0,Young Adult,0,0,Low,False,True
828,1,2,0,Child,0,2,Low,False,False
829,1,3,0,Young Adult,0,0,Low,True,False
830,1,1,1,Senior,0,0,Medium,False,True
831,1,3,1,Child,1,0,Low,False,False
832,1,2,0,Child,1,1,Low,False,True
833,0,3,0,Young Adult,0,0,Low,False,False
834,0,3,0,Young Adult,0,0,Low,False,True
835,0,3,0,Child,0,0,Low,False,True
836,1,1,1,Young Adult,1,1,Medium,False,False
837,0,3,0,Young Adult,0,0,Low,False,True
838,0,3,0,Young Adult,0,0,Low,False,True
839,1,3,0,Young Adult,0,0,Low,False,True
840,1,1,0,Young Adult,0,0,Low,False,False
841,0,3,0,Child,0,0,Low,False,True
842,0,2,0,Child,0,0,Low,False,True
843,1,1,1,Young Adult,0,0,Low,False,False
844,0,3,0,Young Adult,0,0,Low,False,False
845,0,3,0,Child,0,0,Low,False,True
846,0,3,0,Adult,0,0,Low,False,True
847,0,3,0,Young Adult,8,2,Medium,False,True
848,0,3,0,Young Adult,0,0,Low,False,False
849,0,2,0,Young Adult,0,1,Low,False,True
850,1,1,1,Young Adult,1,0,Medium,False,False
851,0,3,0,Child,4,2,Low,False,True
852,0,3,0,Senior,0,0,Low,False,True
853,0,3,1,Child,1,1,Low,False,False
854,1,1,1,Child,0,1,Low,False,True
855,0,2,1,Adult,1,0,Low,False,True
856,1,3,1,Child,0,1,Low,False,True
857,1,1,1,Adult,1,1,High,False,True
858,1,1,0,Adult,0,0,Low,False,True
859,1,3,1,Young Adult,0,3,Low,False,False
860,0,3,0,Young Adult,0,0,Low,False,False
861,0,3,0,Adult,2,0,Low,False,True
862,0,2,0,Young Adult,1,0,Low,False,True
863,1,1,1,Adult,0,0,Low,False,True
864,0,3,1,Young Adult,8,2,Medium,False,True
865,0,2,0,Young Adult,0,0,Low,False,True
866,1,2,1,Adult,0,0,Low,False,True
867,1,2,1,Young Adult,1,0,Low,False,False
868,0,1,0,Young Adult,0,0,Low,False,True
869,0,3,0,Young Adult,0,0,Low,False,True
870,1,3,0,Child,1,1,Low,False,True
871,0,3,0,Young Adult,0,0,Low,False,True
872,1,1,1,Adult,1,1,Low,False,True
873,0,1,0,Young Adult,0,0,Low,False,True
874,0,3,0,Adult,0,0,Low,False,True
875,1,2,1,Young Adult,1,0,Low,False,False
876,1,3,1,Child,0,0,Low,False,False
877,0,3,0,Child,0,0,Low,False,True
878,0,3,0,Child,0,0,Low,False,True
879,0,3,0,Young Adult,0,0,Low,False,True
880,1,1,1,Adult,0,1,Medium,False,False
881,1,2,1,Young Adult,0,1,Low,False,True
882,0,3,0,Young Adult,0,0,Low,False,True
883,0,3,1,Young Adult,0,0,Low,False,True
884,0,2,0,Young Adult,0,0,Low,False,True
885,0,3,0,Young Adult,0,0,Low,False,True
886,0,3,1,Young Adult,0,5,Low,True,False
887,0,2,0,Young Adult,0,0,Low,False,True
888,1,1,1,Child,0,0,Low,False,True
889,0,3,1,Young Adult,1,2,Low,False,True
890,1,1,0,Young Adult,0,0,Low,False,False
891,0,3,0,Young Adult,0,0,Low,True,False
